,Age,Gender,City,Position,Years of experience,Your level,Current Salary,Salary one year ago,Salary two years ago
0,43.0,M,München,BackEnd_Developer,11.0,Senior,77000.0,76200.0,68000.0
1,33.0,F,München,BackEnd_Developer,8.0,Senior,65000.0,55000.0,55000.0
2,32.0,M,München,BackEnd_Developer,10.0,Senior,88000.0,73000.0,54000.0
3,25.0,M,München,FrontEnd_Developer,6.0,Senior,78000.0,55000.0,45000.0
4,39.0,M,München,UX_Designer,10.0,Senior,69000.0,60000.0,52000.0
6,,M,Berlin,BackEnd_Developer,5.0,Senior,65000.0,50000.0,50000.0
7,36.0,F,München,Data Scientist,8.0,Senior,109000.0,105000.0,97000.0
8,32.0,M,Berlin,BackEnd_Developer,3.0,Senior,65000.0,58000.0,50000.0
9,30.0,M,München,FrontEnd_Developer,8.0,Senior,60000.0,48000.0,42000.0
10,40.0,M,Berlin,BackEnd_Developer,18.0,Senior,70000.0,57500.0,54000.0
11,33.0,M,Karlsruhe,FullStack_Developer,8.0,Senior,70000.0,66000.0,48000.0
12,31.0,F,Berlin,BackEnd_Developer,,Senior,55000.0,,
13,29.0,M,Berlin,FrontEnd_Developer,6.0,Middle,55000.0,55000.0,34000.0
14,32.0,M,München,BackEnd_Developer,11.0,Middle,94500.0,91300.0,86300.0
15,25.0,F,München,BackEnd_Developer,3.0,Junior,46000.0,44000.0,44000.0
16,33.0,M,München,BackEnd_Developer,11.0,Senior,68000.0,65000.0,63000.0
17,24.0,M,Hamburg,BackEnd_Developer,4.0,Middle,60000.0,47000.0,
18,44.0,M,Berlin,FrontEnd_Developer,17.0,Senior,62500.0,62500.0,54000.0
21,34.0,F,Berlin,BackEnd_Developer,10.0,Senior,53000.0,53000.0,48000.0
22,28.0,M,München,FrontEnd_Developer,5.0,Middle,52000.0,40000.0,40000.0
24,32.0,M,München,BackEnd_Developer,4.0,Senior,72000.0,60000.0,30000.0
26,39.0,M,München,FrontEnd_Developer,15.0,Senior,77000.0,74000.0,
28,28.0,M,München,BackEnd_Developer,8.0,Senior,80000.0,,
29,31.0,M,Berlin,BackEnd_Developer,5.0,Middle,66000.0,,
30,39.0,M,Berlin,BackEnd_Developer,10.0,Middle,75800.0,66000.0,
31,35.0,F,München,BackEnd_Developer,12.0,Senior,84000.0,84000.0,84000.0
32,32.0,M,München,BackEnd_Developer,10.0,Senior,60000.0,60000.0,60000.0
34,,M,München,FullStack_Developer,2.0,Junior,58000.0,50000.0,48000.0
36,31.0,M,München,BackEnd_Developer,10.0,Senior,70000.0,60000.0,
37,32.0,M,München,BackEnd_Developer,10.0,Senior,72000.0,56000.0,55000.0
40,32.0,M,München,BackEnd_Developer,7.0,Senior,69000.0,,
41,41.0,M,München,BackEnd_Developer,20.0,Senior,113000.0,80000.0,72000.0
42,,M,München,FrontEnd_Developer,10.0,Senior,65000.0,,
43,30.0,M,München,BackEnd_Developer,7.0,Middle,75000.0,72000.0,67000.0
44,24.0,F,München,BackEnd_Developer,3.0,Middle,57000.0,45000.0,
45,43.0,M,Berlin,Data Scientist,10.0,Senior,84000.0,78000.0,76000.0
46,28.0,M,München,BackEnd_Developer,6.0,Senior,70000.0,45000.0,
47,29.0,M,Bremen,BackEnd_Developer,1.0,Junior,55000.0,,
48,32.0,M,München,BackEnd_Developer,6.0,Senior,60000.0,57000.0,
49,31.0,M,Frankfurt,BackEnd_Developer,11.0,Senior,65000.0,61000.0,55000.0
50,33.0,M,Berlin,FrontEnd_Developer,10.0,Senior,70000.0,,
51,29.0,M,,BackEnd_Developer,7.0,Middle,50000.0,50000.0,50000.0
52,28.0,M,München,FullStack_Developer,7.5,Middle,65000.0,65000.0,60000.0
53,32.0,M,München,BackEnd_Developer,10.0,Senior,78000.0,65000.0,60000.0
54,26.0,F,Regensburg,BackEnd_Developer,1.0,Junior,60000.0,,
55,34.0,M,Hamburg,BackEnd_Developer,10.0,Senior,71000.0,68000.0,68000.0
56,29.0,M,München,BackEnd_Developer,9.0,Senior,75000.0,58000.0,55000.0
58,28.0,M,Hamburg,BackEnd_Developer,4.0,Senior,65000.0,,
60,35.0,M,München,BackEnd_Developer,10.0,Senior,56000.0,,
61,32.0,F,Berlin,BackEnd_Developer,3.0,Junior,30000.0,,
62,32.0,M,München,BackEnd_Developer,11.0,Senior,72000.0,72000.0,
63,,F,Frankfurt,BackEnd_Developer,4.0,Middle,65000.0,60000.0,45000.0
64,29.0,M,Frankfurt,BackEnd_Developer,5.0,Middle,45000.0,,
65,36.0,F,München,BackEnd_Developer,4.0,Middle,55000.0,,
66,29.0,M,Lisbon,BackEnd_Developer,6.0,Middle,40000.0,,
67,25.0,M,Frankfurt,FrontEnd_Developer,5.0,Middle,66000.0,55000.0,42000.0
68,,M,Frankfurt,BackEnd_Developer,7.0,Senior,66000.0,66000.0,66000.0
69,,F,Hamburg,BackEnd_Developer,5.0,Middle,54000.0,56000.0,56000.0
70,25.0,M,München,BackEnd_Developer,3.0,Senior,60000.0,60000.0,
71,32.0,M,Berlin,FrontEnd_Developer,6.0,Middle,50000.0,45000.0,42000.0
73,,M,Leipzig,BackEnd_Developer,3.0,Senior,48000.0,,
74,26.0,M,München,BackEnd_Developer,4.0,Middle,66000.0,22400.0,
76,28.0,M,München,FrontEnd_Developer,8.0,Middle,61000.0,61000.0,
78,29.0,M,Berlin,BackEnd_Developer,5.0,Middle,55000.0,46000.0,
79,29.0,M,München,BackEnd_Developer,8.0,Senior,72000.0,,
81,31.0,M,Berlin,BackEnd_Developer,12.0,Senior,60000.0,49050.0,42500.0
82,,M,München,BackEnd_Developer,5.0,Middle,60000.0,,
83,27.0,M,Berlin,BackEnd_Developer,10.0,Senior,87000.0,75000.0,65000.0
84,30.0,M,Berlin,BackEnd_Developer,6.0,Senior,70000.0,55000.0,50000.0
85,,F,München,UX_Designer,8.0,Middle,30000.0,29000.0,27000.0
87,24.0,,München,FrontEnd_Developer,3.0,Middle,57000.0,55000.0,10001.0
89,37.0,M,Berlin,BackEnd_Developer,15.0,Senior,85000.0,75000.0,70000.0
90,,M,Stuttgart,BackEnd_Developer,4.0,Senior,65000.0,60000.0,
91,,M,Stuttgart,BackEnd_Developer,4.0,Senior,65000.0,60000.0,
94,34.0,M,Berlin,BackEnd_Developer,10.0,Senior,67000.0,65000.0,
95,31.0,M,Berlin,FrontEnd_Developer,12.0,Senior,65000.0,60000.0,60000.0
96,25.0,M,München,BackEnd_Developer,3.0,Middle,62000.0,20000.0,16000.0
97,28.0,M,Berlin,FrontEnd_Developer,6.0,Senior,62000.0,58000.0,55000.0
98,38.0,M,Berlin,FrontEnd_Developer,19.0,Senior,83000.0,57000.0,57000.0
99,32.0,F,Berlin,Data Scientist,10.0,Senior,75000.0,68000.0,
100,22.0,M,Berlin,Data Scientist,2.0,Middle,50000.0,,
103,40.0,M,Berlin,BackEnd_Developer,18.0,Senior,69000.0,65000.0,65000.0
104,24.0,M,Berlin,BackEnd_Developer,3.0,Middle,50000.0,45000.0,40000.0
105,36.0,M,Berlin,BackEnd_Developer,10.0,Middle,73000.0,58000.0,55000.0
107,28.0,M,Frankfurt,FrontEnd_Developer,5.0,Senior,50000.0,41000.0,
108,32.0,M,München,FrontEnd_Developer,3.0,Middle,58000.0,50000.0,43000.0
109,33.0,M,,BackEnd_Developer,11.0,Senior,65000.0,62000.0,58000.0
110,36.0,F,München,BackEnd_Developer,3.0,Middle,30000.0,30000.0,12000.0
112,32.0,M,Berlin,FrontEnd_Developer,10.0,Senior,70000.0,,
113,32.0,M,München,Data Scientist,4.0,Senior,65000.0,60000.0,
114,31.0,M,Berlin,BackEnd_Developer,12.0,Senior,78600.0,75000.0,69000.0
115,34.0,M,Berlin,BackEnd_Developer,13.0,Senior,70000.0,84000.0,75000.0
116,,M,Amsterdam,FrontEnd_Developer,5.0,Senior,60000.0,,
117,32.0,M,Berlin,BackEnd_Developer,6.0,Senior,78000.0,65000.0,65000.0
120,27.0,F,München,BackEnd_Developer,0.5,Junior,60000.0,,
121,31.0,F,München,BackEnd_Developer,5.0,Middle,60000.0,,
122,32.0,M,Berlin,BackEnd_Developer,9.0,Senior,72000.0,68000.0,68000.0
123,,M,München,UX_Designer,3.0,Middle,43000.0,36000.0,32000.0
124,27.0,M,Berlin,BackEnd_Developer,7.0,Senior,72000.0,65000.0,50000.0
125,30.0,M,Berlin,BackEnd_Developer,7.0,Senior,65000.0,62000.0,
127,30.0,M,Berlin,BackEnd_Developer,8.0,Senior,55000.0,50000.0,
129,28.0,F,Berlin,FrontEnd_Developer,4.0,Middle,56000.0,51000.0,45000.0
130,39.0,M,Bern,BackEnd_Developer,10.0,Senior,107000.0,56000.0,54000.0
131,29.0,M,Berlin,BackEnd_Developer,3.0,Middle,60000.0,,
132,34.0,M,München,BackEnd_Developer,7.0,Senior,70000.0,,
134,35.0,M,Berlin,BackEnd_Developer,15.0,Senior,62000.0,54000.0,54000.0
137,37.0,M,Berlin,FullStack_Developer,15.0,Senior,54000.0,54000.0,
139,30.0,M,Bonn,Data Scientist,7.0,Middle,64000.0,60000.0,54000.0
140,33.0,M,Berlin,FullStack_Developer,10.0,Senior,65000.0,55000.0,55000.0
141,32.0,M,Berlin,FrontEnd_Developer,5.0,Middle,58000.0,23000.0,18000.0
142,,M,München,BackEnd_Developer,13.0,Senior,75000.0,70000.0,65000.0
143,30.0,M,Frankfurt,BackEnd_Developer,8.0,Senior,95000.0,80000.0,75000.0
144,27.0,F,Berlin,BackEnd_Developer,5.0,Middle,60000.0,,
145,28.0,M,München,BackEnd_Developer,6.0,Middle,53000.0,,
146,30.0,M,Berlin,BackEnd_Developer,3.0,Middle,69000.0,,
147,39.0,M,Berlin,BackEnd_Developer,20.0,Senior,84000.0,82000.0,54000.0
148,26.0,M,Berlin,UX_Designer,5.0,Senior,52000.0,,
149,,M,München,BackEnd_Developer,12.0,Senior,85000.0,75000.0,75000.0
153,35.0,F,Berlin,BackEnd_Developer,14.0,Senior,65000.0,,
155,26.0,M,Berlin,BackEnd_Developer,6.0,Senior,65000.0,52000.0,
157,27.0,M,Berlin,Data Scientist,2.5,Senior,66000.0,13000.0,13000.0
159,42.0,M,München,BackEnd_Developer,15.0,Middle,42000.0,42000.0,45000.0
160,31.0,M,Berlin,FullStack_Developer,11.0,Senior,65000.0,55000.0,36000.0
161,34.0,M,Berlin,BackEnd_Developer,8.0,Middle,74000.0,72000.0,54000.0
162,,M,Berlin,BackEnd_Developer,10.0,Senior,75000.0,,
163,30.0,M,München,BackEnd_Developer,8.0,Senior,72500.0,65000.0,58000.0
164,37.0,M,Berlin,Data Scientist,7.0,Senior,53000.0,47000.0,44000.0
165,,M,Frankfurt,BackEnd_Developer,13.0,Senior,102000.0,92000.0,84000.0
166,27.0,M,Hamburg,FrontEnd_Developer,11.0,Senior,60000.0,58000.0,50000.0
167,30.0,M,Berlin,BackEnd_Developer,10.0,Senior,75000.0,56000.0,50000.0
169,38.0,M,Köln,BackEnd_Developer,12.0,Senior,60000.0,,
172,25.0,M,Berlin,BackEnd_Developer,5.0,Middle,50000.0,,
175,29.0,M,München,BackEnd_Developer,8.0,Senior,75000.0,58000.0,54000.0
176,30.0,F,Berlin,FullStack_Developer,4.0,Middle,58000.0,45000.0,38000.0
177,33.0,M,Berlin,BackEnd_Developer,12.0,Senior,75000.0,65000.0,
178,30.0,M,Baden-Württemberg ,BackEnd_Developer,8.0,Senior,70000.0,55000.0,55000.0
179,30.0,M,Berlin,BackEnd_Developer,11.0,Senior,65000.0,65000.0,60000.0
180,31.0,F,Berlin,BackEnd_Developer,8.0,Senior,55800.0,52800.0,48000.0
181,26.0,M,Berlin,BackEnd_Developer,4.0,Middle,55000.0,55000.0,44000.0
182,27.0,M,Berlin,FrontEnd_Developer,5.0,Middle,55000.0,,
183,34.0,M,Berlin,BackEnd_Developer,7.0,Senior,70000.0,56000.0,48000.0
184,35.0,M,Berlin,BackEnd_Developer,12.0,Senior,63000.0,63000.0,50000.0
185,29.0,M,Berlin,Data Scientist,8.0,Senior,115000.0,85000.0,65000.0
186,28.0,M,München,BackEnd_Developer,2.0,Middle,52000.0,23000.0,
188,35.0,M,München,BackEnd_Developer,14.0,Senior,70000.0,58000.0,56000.0
189,31.0,F,Frankonia,BackEnd_Developer,7.0,Senior,44000.0,44000.0,
190,26.0,M,Berlin,BackEnd_Developer,2.5,Middle,50000.0,40000.0,
191,26.0,M,München,BackEnd_Developer,4.0,Middle,58000.0,48000.0,48000.0
192,,M,Berlin,BackEnd_Developer,9.0,Middle,60000.0,50000.0,50000.0
194,27.0,M,Berlin,BackEnd_Developer,3.0,Senior,64000.0,58000.0,50000.0
198,28.0,F,Berlin,FrontEnd_Developer,6.0,Middle,50000.0,,
199,31.0,M,München,BackEnd_Developer,13.0,Senior,90000.0,75000.0,
202,30.0,M,Köln,Data Scientist,5.0,Middle,80000.0,78000.0,72000.0
203,36.0,M,München,Data Scientist,5.0,Senior,92000.0,77000.0,
205,33.0,M,Karlsruhe,BackEnd_Developer,13.0,Senior,90000.0,90000.0,85000.0
206,34.0,F,München,BackEnd_Developer,6.0,Middle,63000.0,63000.0,55000.0
207,29.0,M,München,BackEnd_Developer,8.0,Senior,75000.0,65000.0,60000.0
209,22.0,M,München,BackEnd_Developer,1.5,Junior,70000.0,,
210,42.0,M,Stuttgart,BackEnd_Developer,20.0,Senior,74000.0,,
211,29.0,M,Berlin,BackEnd_Developer,5.0,Middle,65000.0,57600.0,50000.0
212,29.0,M,Stuttgart,BackEnd_Developer,6.0,Senior,125000.0,115000.0,90000.0
213,35.0,M,Berlin,BackEnd_Developer,10.0,Senior,68000.0,65000.0,60000.0
216,28.0,M,Stuttgart ,BackEnd_Developer,5.0,Middle,60000.0,60000.0,52000.0
217,32.0,M,Berlin,BackEnd_Developer,13.0,Senior,65000.0,58000.0,51000.0
218,38.0,M,Berlin,BackEnd_Developer,15.0,Senior,92000.0,70000.0,60600.0
219,31.0,M,Berlin,BackEnd_Developer,8.0,Senior,75000.0,55000.0,45000.0
220,,F,Berlin,BackEnd_Developer,5.0,Senior,70000.0,70000.0,70000.0
221,38.0,F,München,BackEnd_Developer,16.0,Middle,58000.0,56000.0,54000.0
222,30.0,M,Berlin,Data Scientist,6.0,Senior,76000.0,,
223,,M,Berlin,BackEnd_Developer,9.0,Senior,75000.0,73000.0,65000.0
224,27.0,M,München,FullStack_Developer,6.0,Senior,65000.0,,
225,27.0,M,München,BackEnd_Developer,6.0,Senior,75000.0,71000.0,68000.0
226,36.0,M,Berlin,BackEnd_Developer,12.0,Senior,80000.0,80000.0,80000.0
227,32.0,M,München,BackEnd_Developer,9.0,Senior,80000.0,70000.0,
230,32.0,M,Berlin,Data Scientist,5.0,Senior,87000.0,,60000.0
231,,M,München,BackEnd_Developer,9.0,Senior,80000.0,66000.0,65000.0
232,26.0,M,München,BackEnd_Developer,3.0,Middle,58000.0,,
233,39.0,M,München,BackEnd_Developer,15.0,Senior,68000.0,68000.0,64000.0
234,25.0,M,Berlin,BackEnd_Developer,3.0,Middle,48500.0,46000.0,
236,31.0,M,Berlin,BackEnd_Developer,0.0,Junior,49000.0,,
238,26.0,M,München,BackEnd_Developer,5.0,Middle,68000.0,,
239,28.0,M,Berlin,FullStack_Developer,7.0,Senior,75000.0,60000.0,
240,31.0,M,Berlin,BackEnd_Developer,10.0,Senior,95000.0,82000.0,76000.0
241,26.0,M,München,BackEnd_Developer,7.0,Middle,70500.0,,
244,22.0,M,Berlin,BackEnd_Developer,5.0,Middle,65000.0,,
247,33.0,F,Berlin,BackEnd_Developer,4.0,Middle,45000.0,,
248,,M,Berlin,BackEnd_Developer,8.0,Middle,65000.0,50000.0,45000.0
251,,M,Stuttgart,BackEnd_Developer,3.0,Middle,65000.0,,
252,37.0,M,Tübingen,BackEnd_Developer,15.0,Senior,65000.0,65000.0,
253,34.0,M,Berlin,BackEnd_Developer,10.0,Senior,86000.0,72000.0,
254,28.0,M,Berlin,BackEnd_Developer,3.0,Middle,68000.0,55000.0,
255,31.0,M,Berlin,BackEnd_Developer,11.0,Senior,61000.0,55000.0,49000.0
256,25.0,M,Berlin,FullStack_Developer,5.0,Senior,60000.0,53000.0,47000.0
257,25.0,M,Berlin,BackEnd_Developer,4.0,Middle,48000.0,42000.0,38000.0
262,26.0,M,München,BackEnd_Developer,4.0,Middle,54000.0,50000.0,
263,25.0,F,Berlin,BackEnd_Developer,1.0,Junior,40000.0,40000.0,
264,43.0,M,München,FrontEnd_Developer,10.0,Senior,61000.0,55000.0,
265,35.0,M,München,BackEnd_Developer,15.0,Senior,85000.0,65000.0,65000.0
266,31.0,M,Köln,FrontEnd_Developer,2.5,,35000.0,35000.0,
267,27.0,M,München,BackEnd_Developer,6.0,Senior,68000.0,55700.0,50000.0
268,33.0,M,München,BackEnd_Developer,12.0,Senior,75000.0,68000.0,65000.0
269,,M,Berlin,BackEnd_Developer,10.0,Senior,96000.0,,
271,32.0,M,Berlin,BackEnd_Developer,5.0,Senior,55000.0,,
273,,F,Berlin,BackEnd_Developer,10.0,Senior,57000.0,,
274,32.0,M,Berlin,BackEnd_Developer,8.0,Senior,60000.0,55000.0,48000.0
275,31.0,F,Berlin,BackEnd_Developer,10.0,Senior,44000.0,40000.0,40000.0
277,,F,Frankfurt,BackEnd_Developer,5.0,Middle,55000.0,48000.0,42000.0
278,,M,München,BackEnd_Developer,18.0,Senior,67000.0,67000.0,67000.0
281,33.0,M,München,BackEnd_Developer,11.0,Senior,92000.0,76000.0,76000.0
282,33.0,M,Berlin,BackEnd_Developer,16.0,Senior,95000.0,80000.0,80000.0
283,38.0,M,München,FrontEnd_Developer,5.0,Senior,70000.0,50000.0,40000.0
284,30.0,M,,BackEnd_Developer,11.0,Senior,115000.0,,75000.0
285,28.0,M,Berlin,BackEnd_Developer,7.0,Senior,70000.0,65000.0,62000.0
286,37.0,M,Brno,BackEnd_Developer,17.0,Middle,35000.0,25000.0,15000.0
287,26.0,M,Berlin,BackEnd_Developer,7.0,Senior,60000.0,,
288,31.0,M,München,BackEnd_Developer,9.0,Senior,90000.0,87000.0,
289,31.0,M,München,BackEnd_Developer,9.0,Senior,90000.0,87000.0,
290,37.0,M,Berlin,BackEnd_Developer,17.0,Senior,80000.0,65000.0,61000.0
291,,M,München,Data Scientist,5.0,Middle,90000.0,90000.0,50000.0
293,38.0,M,Berlin,FullStack_Developer,5.0,Senior,55000.0,,
294,30.0,M,Berlin,BackEnd_Developer,2.5,Middle,52000.0,48000.0,42500.0
296,30.0,M,Berlin,BackEnd_Developer,8.0,Senior,72000.0,55000.0,55000.0
297,31.0,M,,BackEnd_Developer,12.0,Senior,80000.0,,
299,27.0,M,Berlin,BackEnd_Developer,5.0,Middle,63000.0,56000.0,52000.0
300,30.0,M,Berlin,FrontEnd_Developer,,Senior,73300.0,67000.0,55000.0
301,,M,München,BackEnd_Developer,10.0,Senior,115000.0,,
302,34.0,M,Berlin,BackEnd_Developer,12.0,Senior,73500.0,70000.0,65000.0
303,31.0,M,Berlin,BackEnd_Developer,10.0,Senior,83000.0,65000.0,57000.0
304,33.0,M,Krakow,BackEnd_Developer,7.0,Senior,42000.0,35000.0,20000.0
306,30.0,M,Berlin,BackEnd_Developer,9.0,Senior,130000.0,120000.0,120000.0
309,,M,Dublin,BackEnd_Developer,7.0,Senior,57000.0,53000.0,51000.0
310,29.0,F,Amsterdam,BackEnd_Developer,4.0,Middle,58000.0,49500.0,
311,30.0,M,Amsterdam,BackEnd_Developer,8.0,Senior,65000.0,58000.0,58000.0
312,23.0,M,Eindhoven,BackEnd_Developer,5.0,Senior,47500.0,,
313,33.0,M,München,BackEnd_Developer,12.0,Middle,70000.0,66000.0,60000.0
314,21.0,M,Amsterdam,BackEnd_Developer,4.0,Middle,90000.0,62000.0,
315,,F,Berlin,BackEnd_Developer,5.0,Middle,50000.0,40000.0,
316,33.0,M,Berlin,BackEnd_Developer,12.0,Senior,85000.0,65000.0,65000.0
318,34.0,M,Berlin,BackEnd_Developer,5.0,Middle,62000.0,60000.0,58000.0
319,40.0,M,München,BackEnd_Developer,20.0,Senior,60000.0,55000.0,50000.0
321,32.0,M,Amsterdam,FrontEnd_Developer,15.0,Senior,75000.0,,
322,37.0,M,Amsterdam,BackEnd_Developer,,Middle,70000.0,55000.0,
323,33.0,M,Berlin,BackEnd_Developer,10.0,Senior,65000.0,,
324,33.0,M,Berlin,BackEnd_Developer,10.0,Senior,65000.0,,
325,28.0,M,Amsterdam,BackEnd_Developer,6.0,Senior,70000.0,30000.0,26000.0
326,,F,München,BackEnd_Developer,7.0,Senior,62000.0,55000.0,52000.0
327,22.0,F,München,Data Scientist,1.0,Middle,55000.0,,
328,30.0,M,Berlin,BackEnd_Developer,5.0,Senior,60000.0,50000.0,45000.0
329,25.0,M,München,BackEnd_Developer,5.0,Middle,56000.0,55000.0,
330,33.0,M,Konstanz,Data Scientist,10.0,Middle,65000.0,60000.0,60000.0
331,25.0,M,Amsterdam,BackEnd_Developer,6.0,Middle,78000.0,72500.0,
332,25.0,M,Amsterdam,BackEnd_Developer,4.0,Senior,60000.0,,
333,35.0,M,München,BackEnd_Developer,12.0,Senior,85000.0,,
334,34.0,F,,BackEnd_Developer,12.0,Senior,61000.0,,
335,31.0,M,Amsterdam,BackEnd_Developer,10.0,Senior,68000.0,65000.0,65000.0
336,28.0,M,Berlin,BackEnd_Developer,8.0,Senior,60000.0,55000.0,45000.0
337,26.0,M,Hamburg,BackEnd_Developer,5.0,Senior,81000.0,78000.0,63000.0
338,30.0,M,München,BackEnd_Developer,3.0,Middle,61000.0,,
341,30.0,M,Berlin,Data Scientist,5.0,Senior,65000.0,,
342,,M,Berlin,Data Scientist,8.0,Senior,80000.0,,
343,33.0,M,Stuttgart,BackEnd_Developer,8.0,Middle,68000.0,68000.0,56000.0
344,36.0,M,Dublin ,BackEnd_Developer,7.0,Senior,90000.0,77000.0,70000.0
345,30.0,M,München,Data Scientist,6.0,Middle,80000.0,72000.0,66000.0
346,28.0,M,Amsterdam,BackEnd_Developer,10.0,Senior,80000.0,75000.0,70000.0
347,32.0,M,München,FrontEnd_Developer,7.0,Senior,65000.0,63000.0,63000.0
348,30.0,M,Amsterdam,BackEnd_Developer,10.0,Senior,70000.0,24000.0,22000.0
349,30.0,F,München,BackEnd_Developer,7.0,Senior,60000.0,60000.0,
350,32.0,M,München,FullStack_Developer,10.0,Senior,60000.0,,
351,30.0,M,Berlin,BackEnd_Developer,4.0,Middle,55000.0,51000.0,49000.0
352,,M,München,FrontEnd_Developer,8.0,Senior,65000.0,60000.0,50000.0
353,25.0,M,Karlsruhe,BackEnd_Developer,2.0,Middle,52000.0,,
354,43.0,M,Berlin,BackEnd_Developer,20.0,Senior,75000.0,,
355,32.0,M,Berlin,BackEnd_Developer,11.0,Senior,87000.0,75000.0,72000.0
356,30.0,M,Berlin,BackEnd_Developer,8.0,Senior,66000.0,63000.0,53000.0
359,31.0,M,Berlin,BackEnd_Developer,9.0,Senior,60000.0,60000.0,60000.0
360,34.0,M,Berlin,BackEnd_Developer,12.0,Senior,75000.0,,
362,26.0,M,München,BackEnd_Developer,4.0,Senior,70000.0,45000.0,
364,34.0,M,Berlin,BackEnd_Developer,8.0,Senior,53500.0,50000.0,
365,24.0,M,Köln,BackEnd_Developer,4.0,Junior,87975.0,60500.0,
367,31.0,F,Eindhoven,Data Scientist,4.0,Middle,,,
369,26.0,M,Berlin,FullStack_Developer,6.0,Senior,60000.0,54000.0,45000.0
372,34.0,M,München,BackEnd_Developer,14.0,Senior,70000.0,65000.0,60000.0
373,33.0,M,Berlin,BackEnd_Developer,10.0,Senior,54000.0,48000.0,48000.0
375,,M,München,BackEnd_Developer,18.0,Senior,140000.0,75000.0,70000.0
376,34.0,M,Berlin,BackEnd_Developer,10.0,Senior,76000.0,68000.0,62000.0
377,35.0,M,Berlin,BackEnd_Developer,5.0,Middle,53000.0,50400.0,
378,30.0,M,Moscow,BackEnd_Developer,10.0,Senior,31500.0,17400.0,10001.0
379,36.0,M,Stockholm,Data Scientist,13.0,Senior,58000.0,53000.0,
380,37.0,M,Berlin,BackEnd_Developer,6.0,Senior,52000.0,42000.0,40000.0
381,30.0,M,Berlin,BackEnd_Developer,9.0,Senior,75000.0,65000.0,57000.0
382,37.0,F,Berlin,BackEnd_Developer,10.0,Senior,68000.0,58000.0,55000.0
383,28.0,M,München,BackEnd_Developer,7.0,Senior,60000.0,,
384,29.0,M,Berlin,FrontEnd_Developer,6.0,Senior,58000.0,,
386,30.0,M,München,BackEnd_Developer,7.0,Senior,68000.0,,
390,34.0,M,Frankfurt,BackEnd_Developer,8.0,Middle,60000.0,,
391,22.0,M,"Belgrade, Serbia",FrontEnd_Developer,10.0,Senior,120000.0,100000.0,100000.0
392,35.0,M,Kyiv,BackEnd_Developer,10.0,Senior,43000.0,43000.0,43000.0
393,28.0,F,München,Data Scientist,1.0,Junior,60000.0,,
394,29.0,M,Berlin,BackEnd_Developer,7.0,Senior,70000.0,70000.0,54000.0
395,34.0,F,Berlin,UX_Designer,4.0,Senior,48000.0,,
398,25.0,M,Berlin,BackEnd_Developer,3.0,Middle,75000.0,55000.0,48000.0
400,37.0,M,Berlin,BackEnd_Developer,6.0,Senior,63000.0,63000.0,55000.0
401,33.0,F,München,BackEnd_Developer,11.0,Senior,60000.0,,
402,34.0,M,Amsterdam,UX_Designer,10.0,Senior,57000.0,56000.0,55000.0
403,30.0,M,Frankfurt,Data Scientist,7.0,Senior,112000.0,105000.0,105000.0
404,27.0,M,Berlin,BackEnd_Developer,11.0,Senior,100000.0,80000.0,70000.0
407,32.0,F,München,FullStack_Developer,3.0,Junior,44000.0,42000.0,42000.0
408,31.0,M,Nürnberg,BackEnd_Developer,6.0,Middle,59000.0,50000.0,50000.0
409,38.0,M,München,BackEnd_Developer,10.0,Senior,66000.0,63000.0,61000.0
410,,M,München,BackEnd_Developer,11.0,Senior,60000.0,60000.0,60000.0
411,36.0,M,Hamburg,BackEnd_Developer,10.0,Senior,65000.0,65000.0,65000.0
412,31.0,F,München,BackEnd_Developer,9.0,Middle,47000.0,45000.0,45000.0
415,26.0,M,München,BackEnd_Developer,5.0,Senior,68400.0,,
416,37.0,M,Berlin,BackEnd_Developer,15.0,Senior,55000.0,,
417,31.0,M,München,BackEnd_Developer,12.0,Senior,60000.0,,
418,29.0,M,München,BackEnd_Developer,9.0,Senior,70000.0,60000.0,55000.0
419,30.0,M,München,BackEnd_Developer,8.0,Senior,65000.0,,
424,42.0,M,Karlskrona,BackEnd_Developer,15.0,Senior,67200.0,64000.0,
425,31.0,,München,BackEnd_Developer,14.0,Senior,85000.0,75000.0,65000.0
429,34.0,M,Berlin,BackEnd_Developer,15.0,Senior,60000.0,20000.0,20000.0
430,36.0,M,Berlin,BackEnd_Developer,2.0,Middle,53000.0,,
432,29.0,M,Krakau,BackEnd_Developer,11.0,Senior,45000.0,39200.0,28000.0
433,27.0,M,München,BackEnd_Developer,5.0,Senior,72000.0,60000.0,55000.0
434,30.0,M,München,Data Scientist,3.0,Middle,65000.0,,
435,28.0,F,Vienna,BackEnd_Developer,6.0,Senior,75000.0,75000.0,
436,22.0,M,München,BackEnd_Developer,3.0,Junior,47000.0,,
437,25.0,M,Berlin,BackEnd_Developer,6.0,Senior,60000.0,55000.0,48000.0
438,28.0,M,München,BackEnd_Developer,6.0,Middle,50000.0,,
440,35.0,M,London,BackEnd_Developer,12.0,Senior,111000.0,95000.0,95000.0
443,23.0,M,Nürnberg,BackEnd_Developer,5.0,Middle,73000.0,,
444,24.0,M,Berlin,BackEnd_Developer,4.0,Middle,54000.0,,
445,25.0,M,Gdansk,BackEnd_Developer,3.0,Senior,38000.0,,
446,30.0,M,Berlin,FrontEnd_Developer,8.0,Senior,75000.0,62000.0,55000.0
447,28.0,M,Berlin,BackEnd_Developer,8.0,Senior,66000.0,55000.0,
448,31.0,M,Berlin,BackEnd_Developer,9.0,Senior,70000.0,60000.0,60000.0
449,31.0,M,Stuttgart,Data Scientist,10.0,Senior,60000.0,,
450,27.0,M,Berlin,FrontEnd_Developer,8.0,Senior,70000.0,65000.0,63000.0
452,30.0,M,München,FullStack_Developer,9.0,Senior,75000.0,65000.0,65000.0
453,,M,Berlin,BackEnd_Developer,30.0,Senior,65000.0,56000.0,47000.0
454,25.0,M,Poland,BackEnd_Developer,2.5,Middle,24000.0,16500.0,16500.0
455,23.0,M,München,BackEnd_Developer,2.0,Middle,52000.0,,
456,33.0,M,Prague,BackEnd_Developer,10.0,Senior,39600.0,33600.0,30000.0
457,31.0,M,München,BackEnd_Developer,9.0,Middle,64400.0,58400.0,
458,33.0,M,Düsseldorf,BackEnd_Developer,12.0,Senior,57000.0,57000.0,57000.0
459,,M,Frankfurt,BackEnd_Developer,9.0,Senior,52000.0,50000.0,
460,31.0,M,Luxembourg,BackEnd_Developer,6.0,Middle,77000.0,77000.0,
462,34.0,M,Berlin,BackEnd_Developer,12.0,Senior,67000.0,55000.0,55000.0
463,32.0,M,Berlin,BackEnd_Developer,5.0,Senior,55000.0,55000.0,55000.0
464,31.0,M,Berlin,BackEnd_Developer,9.0,Senior,85000.0,64000.0,58000.0
465,33.0,M,Stuttgart,BackEnd_Developer,8.0,Senior,57800.0,54000.0,
466,26.0,M,Berlin,BackEnd_Developer,4.0,Middle,20400.0,20400.0,20400.0
469,25.0,M,,BackEnd_Developer,2.0,Middle,24000.0,10500.0,
470,25.0,M,,BackEnd_Developer,2.0,Middle,24000.0,10500.0,
471,26.0,F,München,BackEnd_Developer,4.0,Middle,47300.0,41000.0,38000.0
473,,M,Krakow,BackEnd_Developer,10.0,Senior,23162.0,23162.0,
474,36.0,M,Ludwigsburg,BackEnd_Developer,10.0,Senior,100000.0,97000.0,95500.0
476,38.0,M,München,FullStack_Developer,15.0,Senior,60000.0,51000.0,
478,38.0,M,Berlin,BackEnd_Developer,15.0,Senior,60000.0,60000.0,
480,32.0,M,München,BackEnd_Developer,10.0,,75000.0,,
481,35.0,M,München,BackEnd_Developer,11.0,Middle,60000.0,,
482,30.0,M,Hamburg,BackEnd_Developer,5.0,Middle,56000.0,50000.0,
485,,M,München,BackEnd_Developer,18.0,Senior,75000.0,72000.0,
486,37.0,M,Berlin,BackEnd_Developer,15.0,Senior,86000.0,77000.0,74000.0
487,21.0,F,Strasbourg,Data Scientist,2.0,Junior,17532.0,11520.0,
488,,M,"Alicante, Spain",BackEnd_Developer,5.0,Senior,34000.0,31000.0,24000.0
489,32.0,M,München,BackEnd_Developer,10.0,Senior,69000.0,65000.0,50000.0
490,32.0,M,München,BackEnd_Developer,10.0,Senior,69000.0,65000.0,50000.0
491,38.0,M,Berlin,Data Scientist,5.0,Senior,60000.0,60000.0,54000.0
492,27.0,M,Warsaw,Data Scientist,2.0,Middle,19200.0,14400.0,10800.0
493,37.0,M,,BackEnd_Developer,2.0,Middle,30000.0,24000.0,
494,27.0,M,München,FrontEnd_Developer,7.0,Senior,75000.0,58000.0,
495,35.0,M,München,FullStack_Developer,13.0,Senior,63000.0,,
496,28.0,M,Memmingen,BackEnd_Developer,8.0,Senior,92000.0,,
497,33.0,M,Berlin,BackEnd_Developer,5.0,Middle,51750.0,45000.0,37050.0
499,36.0,M,Amsterdam,BackEnd_Developer,13.0,Senior,80000.0,80000.0,72000.0
500,30.0,F,München,BackEnd_Developer,5.0,Middle,58000.0,56000.0,54000.0
503,33.0,M,Tallinn,BackEnd_Developer,10.0,Senior,38400.0,,
504,31.0,M,Berlin,BackEnd_Developer,8.0,Senior,65000.0,65000.0,
505,30.0,M,Berlin,BackEnd_Developer,8.0,Senior,70000.0,66000.0,65000.0
506,31.0,F,München,BackEnd_Developer,6.0,Middle,51000.0,50000.0,
507,24.0,F,München,BackEnd_Developer,4.0,Middle,57000.0,43000.0,
508,36.0,M,Berlin,BackEnd_Developer,15.0,Senior,75000.0,69000.0,66000.0
509,40.0,M,München,FrontEnd_Developer,12.0,Senior,69600.0,65000.0,62000.0
511,34.0,M,München,BackEnd_Developer,10.0,Senior,68000.0,,
512,31.0,M,München,BackEnd_Developer,9.0,Senior,65000.0,,
513,37.0,M,Stuttgart,BackEnd_Developer,6.0,Senior,58500.0,12000.0,10500.0
514,32.0,M,Berlin,Data Scientist,9.0,Senior,130000.0,115000.0,115000.0
515,32.0,M,Frankfurt,BackEnd_Developer,10.0,Senior,80000.0,52000.0,42000.0
518,32.0,M,Dublin,BackEnd_Developer,10.0,Senior,96000.0,93000.0,91000.0
520,35.0,M,Hamburg,BackEnd_Developer,15.0,Senior,60000.0,63000.0,55000.0
521,29.0,M,München,BackEnd_Developer,11.0,Senior,120000.0,85000.0,75000.0
522,27.0,F,München,BackEnd_Developer,6.0,Middle,70000.0,65000.0,55000.0
523,30.0,M,,FrontEnd_Developer,9.0,Middle,44000.0,44000.0,
524,27.0,M,Hamburg,BackEnd_Developer,5.0,Middle,58500.0,53500.0,
526,30.0,M,München,BackEnd_Developer,6.0,Senior,70000.0,56000.0,56000.0
532,33.0,M,München,BackEnd_Developer,4.0,Middle,65000.0,50000.0,50000.0
533,,F,,UX_Designer,10.0,Senior,56000.0,,
534,32.0,M,,BackEnd_Developer,11.0,Senior,65000.0,65000.0,65000.0
535,,F,Berlin,BackEnd_Developer,2.0,Junior,47250.0,45000.0,45000.0
536,33.0,M,Berlin,BackEnd_Developer,12.0,Senior,87000.0,77000.0,70000.0
537,32.0,M,München,BackEnd_Developer,12.0,Senior,85000.0,80000.0,75000.0
540,28.0,M,Berlin,Data Scientist,6.0,Senior,65000.0,55000.0,
541,35.0,M,München,BackEnd_Developer,13.0,Senior,65000.0,65000.0,
542,34.0,M,Berlin,BackEnd_Developer,15.0,Senior,69000.0,60000.0,60000.0
543,31.0,M,Berlin,FullStack_Developer,8.0,Senior,77000.0,72000.0,54000.0
544,32.0,M,Berlin,BackEnd_Developer,7.0,Senior,73000.0,68000.0,69000.0
546,30.0,M,München,BackEnd_Developer,5.0,Senior,60000.0,60000.0,
547,29.0,F,München,BackEnd_Developer,6.0,Middle,55000.0,,
548,60.0,F,München,BackEnd_Developer,38.0,,58000.0,58000.0,58000.0
550,29.0,M,München,BackEnd_Developer,6.0,Senior,75000.0,70000.0,
556,31.0,M,Berlin,BackEnd_Developer,4.0,Senior,65000.0,45000.0,40000.0
557,47.0,M,München,BackEnd_Developer,11.0,Senior,66000.0,66000.0,65000.0
558,,M,London,Data Scientist,10.0,Senior,90000.0,90000.0,70000.0
560,33.0,M,München,FullStack_Developer,7.0,Senior,70000.0,70000.0,65000.0
561,32.0,M,Hildesheim,BackEnd_Developer,12.0,Senior,60000.0,60000.0,60000.0
562,,M,München,BackEnd_Developer,7.0,Middle,78000.0,75000.0,75000.0
563,47.0,M,Berlin,BackEnd_Developer,10.0,Senior,64500.0,64000.0,62000.0
564,31.0,M,Berlin,Data Scientist,7.0,Senior,96000.0,85000.0,85000.0
565,,M,Berlin,FrontEnd_Developer,7.0,Senior,68000.0,64000.0,60000.0
567,33.0,M,Berlin,BackEnd_Developer,10.0,Senior,122000.0,110000.0,102000.0
568,46.0,M,London,Data Scientist,21.0,Middle,90000.0,90000.0,90000.0
569,27.0,M,München,BackEnd_Developer,2.0,Junior,55000.0,55000.0,
570,43.0,M,Frankfurt,BackEnd_Developer,18.0,Senior,60000.0,60000.0,60000.0
571,32.0,F,Hamburg,BackEnd_Developer,10.0,,65000.0,65000.0,55000.0
572,34.0,M,München,BackEnd_Developer,10.0,Middle,70000.0,,
574,31.0,F,München,BackEnd_Developer,9.0,Senior,65000.0,,
575,31.0,M,Berlin,BackEnd_Developer,4.0,Middle,60000.0,52600.0,48000.0
580,30.0,M,München,BackEnd_Developer,5.0,Middle,58000.0,,
581,26.0,M,Köln,BackEnd_Developer,1.5,Junior,46000.0,44000.0,18000.0
582,27.0,M,Berlin,BackEnd_Developer,5.0,Senior,73000.0,69000.0,60000.0
583,36.0,M,München,Data Scientist,14.0,Senior,68000.0,,
584,36.0,M,München,Data Scientist,14.0,Senior,68000.0,,
587,32.0,M,Stuttgart,BackEnd_Developer,7.0,Middle,74000.0,55000.0,50000.0
588,26.0,M,"Krakow, Poland",BackEnd_Developer,4.5,Senior,39150.0,33550.0,27950.0
589,25.0,M,München,BackEnd_Developer,2.0,Junior,60000.0,10800.0,10800.0
591,29.0,M,Berlin,BackEnd_Developer,8.0,Senior,60000.0,60000.0,
593,,M,Darmstadt,BackEnd_Developer,9.0,Senior,70000.0,65000.0,62000.0
594,,M,Stuttgart ,BackEnd_Developer,8.0,Senior,72000.0,65000.0,55000.0
595,30.0,M,Hamburg,BackEnd_Developer,4.0,Middle,40800.0,38000.0,38000.0
596,30.0,F,München,BackEnd_Developer,5.0,Middle,50000.0,46000.0,44000.0
599,26.0,M,Berlin,BackEnd_Developer,8.0,Middle,50000.0,45000.0,
600,29.0,M,Berlin,BackEnd_Developer,8.0,Senior,67500.0,67500.0,50000.0
601,28.0,F,Frankfurt,BackEnd_Developer,3.0,Middle,50000.0,43000.0,40000.0
603,,M,Berlin,BackEnd_Developer,6.0,Senior,80000.0,62000.0,53000.0
605,29.0,M,München,BackEnd_Developer,8.0,Senior,80000.0,100000.0,
608,39.0,M,Hamburg,BackEnd_Developer,5.0,Middle,87500.0,84500.0,
609,30.0,M,Stockholm,BackEnd_Developer,12.0,Senior,65000.0,63000.0,52000.0
611,26.0,M,München,FrontEnd_Developer,3.0,Junior,37000.0,37000.0,37000.0
614,35.0,M,Berlin,BackEnd_Developer,14.0,Senior,55000.0,,
615,35.0,M,Berlin,BackEnd_Developer,10.0,Senior,78000.0,70000.0,
616,,M,Brussels,BackEnd_Developer,12.0,Senior,75000.0,65000.0,45000.0
619,30.0,M,München,BackEnd_Developer,7.0,Senior,68000.0,68000.0,60000.0
620,26.0,M,München,BackEnd_Developer,5.0,Middle,58000.0,58000.0,
621,32.0,M,München,BackEnd_Developer,10.0,Senior,65000.0,65000.0,55000.0
622,30.0,M,München,Data Scientist,5.0,Middle,60000.0,59000.0,58000.0
624,32.0,F,Dublin,BackEnd_Developer,6.0,Middle,90000.0,40000.0,36000.0
626,33.0,M,Nürnberg ,BackEnd_Developer,6.0,Senior,90000.0,65000.0,50000.0
627,33.0,M,Nürnberg ,BackEnd_Developer,6.0,Senior,90000.0,65000.0,50000.0
629,43.0,M,Schleswig-Holstein,BackEnd_Developer,16.0,Senior,103000.0,93000.0,90000.0
631,30.0,M,Köln,BackEnd_Developer,5.0,Senior,70000.0,65000.0,
632,32.0,M,Berlin,Data Scientist,8.0,Senior,125000.0,106000.0,98000.0
633,35.0,M,Berlin,BackEnd_Developer,8.0,Senior,57000.0,54000.0,36000.0
634,26.0,F,Berlin,Data Scientist,1.0,Junior,56000.0,48000.0,
635,33.0,M,Stuttgart,BackEnd_Developer,12.0,Senior,78000.0,55000.0,52000.0
636,33.0,M,Berlin,BackEnd_Developer,12.0,Senior,66000.0,60000.0,55000.0
638,31.0,M,Berlin,BackEnd_Developer,9.0,Middle,70000.0,67000.0,65000.0
639,37.0,M,Berlin,BackEnd_Developer,8.0,Senior,75000.0,60000.0,50000.0
640,27.0,M,Berlin,BackEnd_Developer,10.0,Senior,60000.0,80000.0,56000.0
641,,M,München,BackEnd_Developer,,Senior,90000.0,80000.0,60000.0
644,37.0,M,München,BackEnd_Developer,15.0,Senior,80000.0,77000.0,65000.0
646,33.0,M,München,BackEnd_Developer,10.0,Senior,72000.0,69000.0,66000.0
647,30.0,M,München,BackEnd_Developer,10.0,Senior,70000.0,70000.0,75000.0
649,30.0,F,München,FrontEnd_Developer,1.0,Junior,50000.0,,
651,31.0,M,München,BackEnd_Developer,11.0,Senior,80000.0,65000.0,60000.0
652,31.0,M,München,BackEnd_Developer,8.0,Senior,65000.0,60000.0,
653,33.0,M,Frankfurt,BackEnd_Developer,11.0,Senior,72000.0,72000.0,68000.0
654,32.0,M,Berlin,BackEnd_Developer,9.0,Senior,83000.0,70000.0,66000.0
655,27.0,M,Berlin,BackEnd_Developer,6.0,Middle,60000.0,67000.0,51000.0
658,34.0,M,Berlin,BackEnd_Developer,10.0,Senior,65000.0,60000.0,
659,34.0,M,Hamburg,BackEnd_Developer,10.0,Senior,68000.0,62000.0,
660,35.0,M,München,BackEnd_Developer,12.0,Senior,70000.0,64000.0,61000.0
661,34.0,M,München,BackEnd_Developer,11.0,Senior,72000.0,68000.0,65000.0
662,33.0,M,homeoffice,BackEnd_Developer,15.0,Senior,65000.0,65000.0,
663,26.0,M,Berlin,FullStack_Developer,5.0,Senior,65000.0,54000.0,40000.0
664,30.0,M,Vienna,BackEnd_Developer,7.0,Middle,42000.0,44800.0,44800.0
666,33.0,M,München,BackEnd_Developer,4.0,Middle,60000.0,,
667,28.0,M,Berlin,BackEnd_Developer,6.0,Middle,48000.0,48000.0,48000.0
670,33.0,F,Berlin,BackEnd_Developer,4.0,Middle,55000.0,54000.0,39000.0
671,30.0,M,Berlin,FullStack_Developer,10.0,Senior,75000.0,70000.0,70000.0
673,32.0,M,Berlin,BackEnd_Developer,9.0,Senior,65000.0,60000.0,60000.0
675,28.0,M,München,BackEnd_Developer,7.0,Senior,60000.0,56000.0,
676,28.0,M,München,BackEnd_Developer,7.0,Senior,60000.0,56000.0,
677,31.0,M,,Data Scientist,3.0,Middle,51600.0,,
678,33.0,M,Limassol,BackEnd_Developer,12.0,Senior,39600.0,36000.0,36000.0
680,37.0,M,Berlin,BackEnd_Developer,15.0,Senior,65000.0,55000.0,50000.0
682,30.0,M,München,Data Scientist,7.0,Senior,120000.0,110000.0,100000.0
683,,M,München,FullStack_Developer,15.0,Senior,130000.0,90000.0,90000.0
684,33.0,M,,BackEnd_Developer,1.0,Junior,42000.0,,
685,28.0,M,Köln,BackEnd_Developer,3.0,Middle,45000.0,40000.0,
687,32.0,M,Frankfurt,BackEnd_Developer,,Senior,72000.0,68600.0,60000.0
688,36.0,M,München,FrontEnd_Developer,5.0,Middle,60000.0,,
689,30.0,M,Berlin,FullStack_Developer,10.0,Middle,47000.0,47000.0,38000.0
690,,M,München,BackEnd_Developer,5.0,Middle,75000.0,60000.0,55000.0
692,29.0,M,München,BackEnd_Developer,8.0,Senior,77000.0,55000.0,44000.0
693,35.0,F,,BackEnd_Developer,2.0,Junior,42000.0,39000.0,
694,36.0,F,München,BackEnd_Developer,7.0,Senior,80000.0,75000.0,72000.0
696,29.0,M,Berlin,FrontEnd_Developer,9.0,Senior,60000.0,55000.0,52000.0
697,,M,München,BackEnd_Developer,7.0,Senior,71000.0,68000.0,64000.0
698,,M,München,FullStack_Developer,5.0,Senior,60000.0,,
701,30.0,M,Bonn,BackEnd_Developer,7.0,Senior,62500.0,55000.0,48000.0
702,38.0,M,Siegen,UX_Designer,15.0,Middle,64000.0,58000.0,
704,27.0,M,München,BackEnd_Developer,6.0,Middle,65000.0,65000.0,50000.0
705,42.0,M,Berlin,BackEnd_Developer,20.0,Senior,93000.0,65000.0,
706,26.0,F,Berlin,FrontEnd_Developer,3.0,Junior,27000.0,,
707,26.0,M,Berlin,BackEnd_Developer,7.0,Middle,33000.0,30000.0,
709,30.0,,Berlin,BackEnd_Developer,10.0,Senior,85000.0,75000.0,65000.0
711,31.0,F,Berlin,BackEnd_Developer,9.0,Senior,42000.0,42000.0,
712,44.0,M,Berlin,BackEnd_Developer,20.0,Senior,65000.0,60000.0,58000.0
713,,M,Stuttgart,BackEnd_Developer,8.0,Senior,80400.0,67000.0,60000.0
715,30.0,M,Berlin,BackEnd_Developer,10.0,Senior,75000.0,72000.0,36000.0
716,25.0,M,"Ireland, Dublin",BackEnd_Developer,5.0,Middle,50000.0,,
717,35.0,M,Köln,BackEnd_Developer,11.0,Middle,60000.0,,
718,26.0,M,Berlin,BackEnd_Developer,5.0,Senior,62500.0,60000.0,52000.0
720,36.0,M,Köln,BackEnd_Developer,5.0,Senior,53000.0,,
721,35.0,M,Berlin,BackEnd_Developer,12.0,Senior,70000.0,65000.0,60000.0
723,33.0,M,Köln,BackEnd_Developer,12.0,Senior,60000.0,,
724,28.0,M,Darmstadt,BackEnd_Developer,2.0,,13000.0,,
725,34.0,M,Berlin,BackEnd_Developer,3.0,Middle,52000.0,47000.0,39000.0
726,,F,München,BackEnd_Developer,8.0,Middle,40000.0,40000.0,38000.0
729,38.0,M,Berlin,BackEnd_Developer,18.0,Senior,68000.0,65000.0,60000.0
730,31.0,M,München,BackEnd_Developer,6.0,Middle,65000.0,63000.0,58000.0
732,32.0,M,Berlin,BackEnd_Developer,9.0,Senior,71500.0,68000.0,60000.0
735,40.0,M,München,BackEnd_Developer,12.0,Senior,50000.0,50000.0,41000.0
743,40.0,M,Berlin,BackEnd_Developer,20.0,Senior,75000.0,,
745,37.0,M,Köln,BackEnd_Developer,5.0,Middle,53000.0,53000.0,
746,51.0,M,Oberhausen,BackEnd_Developer,25.0,Senior,78000.0,76500.0,75000.0
749,29.0,M,Andernach,BackEnd_Developer,1.0,Junior,42000.0,,
755,30.0,M,München,BackEnd_Developer,10.0,Middle,75000.0,50000.0,
756,52.0,M,Köln,BackEnd_Developer,30.0,Middle,63000.0,80000.0,80000.0
760,40.0,M,Köln,BackEnd_Developer,1.0,Junior,44000.0,40000.0,40000.0
761,,M,Köln,BackEnd_Developer,1.0,Junior,45000.0,40000.0,40000.0
762,,M,Köln,BackEnd_Developer,1.0,Junior,45000.0,40000.0,40000.0
